epoch,train/box_loss,train/obj_loss,train/cls_loss,metrics/precision,metrics/recall,metrics/mAP_0.5,metrics/mAP_0.5:0.95,val/box_loss,val/obj_loss,val/cls_loss,x/lr0,x/lr1,x/lr2,cumulative_avg_mAP_0.5,metrics/F1_score
0,0.19826,0.022638,0,0.00048093,0.053114,0.00025513,7.2521e-05,0.16563,0.022452,0,0.0811,0.0021,0.0021,0.00025513,0.0009532288229502306
1,0.18285,0.022317,0,0.00055,0.06044,0.00029312,6.9738e-05,0.15853,0.021935,0,0.061286,0.0042858,0.0042858,0.000274125,0.0010900803410395148
2,0.17348,0.022051,0,0.0004023,0.051282,0.00021231,4.2655e-05,0.15587,0.021106,0,0.041457,0.0064571,0.0064571,0.00025351999999999997,0.000798337158479461
3,0.15789,0.022821,0,0.00048851,0.062271,0.00027702,5.4877e-05,0.14429,0.022395,0,0.021614,0.0086139,0.0086139,0.000259395,0.0009694150323990739
4,0.13806,0.025393,0,0.00061782,0.078755,0.00033543,6.9319e-05,0.22712,0.023338,0,0.009868,0.009868,0.009868,0.000274602,0.001226022058936548
5,0.11224,0.028321,0,0.0085896,0.031136,0.0021399,0.00051991,0.19575,0.16163,0,0.009868,0.009868,0.009868,0.0005854850000000001,0.01346465682582516
6,0.092934,0.029225,0,0.013635,0.045788,0.0021513,0.00048215,0.22103,0.18202,0,0.009835,0.009835,0.009835,0.0008091728571428572,0.021012718307725966
7,0.081789,0.027205,0,0.053293,0.14652,0.026508,0.0056462,0.1495,0.046144,0,0.009802,0.009802,0.009802,0.00402152625,0.07815798131252721
8,0.073472,0.025404,0,0.54871,0.48718,0.49939,0.15665,0.082775,0.024361,0,0.009769,0.009769,0.009769,0.05906246777777778,0.5161176144185194
9,0.071762,0.023746,0,0.46335,0.38645,0.35162,0.10296,0.078924,0.021852,0,0.009736,0.009736,0.009736,0.088318221,0.4214205871969875
10,0.066709,0.022663,0,0.63335,0.52381,0.58824,0.20992,0.063449,0.020957,0,0.009703,0.009703,0.009703,0.13376565545454547,0.5733953187113278
11,0.064236,0.020589,0,0.66737,0.56588,0.62263,0.24188,0.066684,0.018655,0,0.00967,0.00967,0.00967,0.17450435083333335,0.612448952929252
12,0.060465,0.019785,0,0.69422,0.61538,0.71346,0.28351,0.06055,0.018124,0,0.009637,0.009637,0.009637,0.2159624776923077,0.6524268533903481
13,0.058683,0.019429,0,0.7462,0.65018,0.71686,0.26055,0.056547,0.019238,0,0.009604,0.009604,0.009604,0.2517408721428572,0.6948886635443074
14,0.058036,0.019705,0,0.7857,0.63736,0.74429,0.32426,0.054037,0.018142,0,0.009571,0.009571,0.009571,0.2845774806666667,0.70379850744171
15,0.055354,0.019279,0,0.80427,0.72999,0.81551,0.36707,0.052924,0.01626,0,0.009538,0.009538,0.009538,0.317760763125,0.7653318958976966
16,0.054797,0.018264,0,0.85104,0.68017,0.79864,0.3497,0.056572,0.014866,0,0.009505,0.009505,0.009505,0.3460477770588235,0.7560711813533088
17,0.052128,0.018345,0,0.86779,0.76557,0.85058,0.40966,0.048628,0.014873,0,0.009472,0.009472,0.009472,0.374077345,0.8134814006710095
18,0.051946,0.017283,0,0.85575,0.75275,0.85363,0.42831,0.047741,0.015074,0,0.009439,0.009439,0.009439,0.39931695842105264,0.8009522070251788
19,0.053403,0.017451,0,0.85492,0.76923,0.85621,0.44652,0.047985,0.014832,0,0.009406,0.009406,0.009406,0.4221616105,0.8098145018625127
20,0.051541,0.018452,0,0.85208,0.75092,0.85267,0.43653,0.044373,0.015085,0,0.009373,0.009373,0.009373,0.44266201,0.7983080643792889
21,0.050192,0.016179,0,0.87763,0.73626,0.82897,0.36235,0.05608,0.013681,0,0.00934,0.00934,0.00934,0.4602214640909091,0.8007532902490256
22,0.051212,0.017184,0,0.88596,0.75275,0.84362,0.34956,0.054621,0.013755,0,0.009307,0.009307,0.009307,0.4768909656521739,0.8139407094604901
23,0.048518,0.017441,0,0.90243,0.77656,0.88072,0.47857,0.043796,0.013783,0,0.009274,0.009274,0.009274,0.49371717541666665,0.8347769084985617
24,0.048476,0.017146,0,0.87888,0.81068,0.89033,0.4917,0.04257,0.013859,0,0.009241,0.009241,0.009241,0.5095816884,0.8434035351215701
25,0.047364,0.017034,0,0.89253,0.78755,0.88209,0.50434,0.040431,0.013351,0,0.009208,0.009208,0.009208,0.5239089311538462,0.8367601560639969
26,0.046701,0.016475,0,0.91093,0.80543,0.89297,0.50121,0.041541,0.013238,0,0.009175,0.009175,0.009175,0.5375778596296296,0.8549376003868653
27,0.046784,0.016483,0,0.86426,0.81626,0.89604,0.48547,0.041996,0.013489,0,0.009142,0.009142,0.009142,0.5503800789285714,0.8395744978935092
28,0.046113,0.016488,0,0.86512,0.79883,0.87907,0.4729,0.044529,0.01315,0,0.009109,0.009109,0.009109,0.5617142141379311,0.8306545384176207
29,0.045379,0.016089,0,0.94839,0.81502,0.91235,0.53128,0.039147,0.012759,0,0.009076,0.009076,0.009076,0.5734020736666667,0.8766614885931235
30,0.046602,0.016459,0,0.92701,0.81418,0.9038,0.5273,0.038063,0.013634,0,0.009043,0.009043,0.009043,0.5840600712903227,0.8669392792285736
31,0.043312,0.015593,0,0.91522,0.8106,0.90614,0.51433,0.040673,0.012712,0,0.00901,0.00901,0.00901,0.5941250690625,0.8597389438064225
32,0.04449,0.015929,0,0.9118,0.79519,0.89118,0.48303,0.044067,0.012687,0,0.008977,0.008977,0.008977,0.6031267336363637,0.8495119971411667
33,0.043464,0.016057,0,0.87715,0.83516,0.91106,0.52237,0.037447,0.013115,0,0.008944,0.008944,0.008944,0.6121835944117647,0.8556401516080616
34,0.043958,0.015182,0,0.91007,0.83404,0.92057,0.53491,0.037875,0.012764,0,0.008911,0.008911,0.008911,0.6209946345714286,0.8703978336228793
35,0.043605,0.015137,0,0.90626,0.84249,0.91709,0.52572,0.038619,0.012726,0,0.008878,0.008878,0.008878,0.6292195058333333,0.8732122800857756
36,0.045011,0.01563,0,0.92103,0.7904,0.90631,0.53689,0.041226,0.012957,0,0.008845,0.008845,0.008845,0.6367084381081082,0.8507296377882823
37,0.043929,0.015716,0,0.90429,0.83057,0.91579,0.50404,0.041571,0.012354,0,0.008812,0.008812,0.008812,0.644052689736842,0.8658636953990525
38,0.042443,0.015375,0,0.92333,0.79487,0.90909,0.54771,0.036005,0.012437,0,0.008779,0.008779,0.008779,0.6508485182051282,0.8542978897683622
39,0.042049,0.015711,0,0.91736,0.83357,0.92619,0.54481,0.03771,0.01219,0,0.008746,0.008746,0.008746,0.65773205525,0.8734601328436888
40,0.042188,0.015312,0,0.93286,0.81435,0.9053,0.46253,0.043542,0.01191,0,0.008713,0.008713,0.008713,0.6637702978048781,0.8695858437165538
41,0.04144,0.015592,0,0.9128,0.83333,0.91927,0.54741,0.036833,0.011905,0,0.00868,0.00868,0.00868,0.6698536240476191,0.8712565776889464
42,0.041369,0.014886,0,0.94752,0.837,0.92882,0.52007,0.038038,0.01196,0,0.008647,0.008647,0.008647,0.6758760979069767,0.8888376033891466
43,0.041436,0.01567,0,0.9385,0.86081,0.93072,0.54248,0.036989,0.011772,0,0.008614,0.008614,0.008614,0.6816680047727273,0.8979777636983065
44,0.039096,0.014758,0,0.90933,0.85531,0.92004,0.55199,0.036684,0.011798,0,0.008581,0.008581,0.008581,0.6869651602222222,0.881493157017862
45,0.03969,0.014727,0,0.92037,0.84799,0.92748,0.5607,0.035522,0.011905,0,0.008548,0.008548,0.008548,0.6921937436956521,0.8826987223189848
46,0.040149,0.015143,0,0.93408,0.83041,0.91999,0.54783,0.036481,0.011971,0,0.008515,0.008515,0.008515,0.6970404725531915,0.879199511246876
47,0.040121,0.014514,0,0.93047,0.84615,0.93077,0.56121,0.035571,0.012141,0,0.008482,0.008482,0.008482,0.7019098377083334,0.8863090480800622
48,0.040704,0.015359,0,0.91906,0.84249,0.92965,0.57253,0.03492,0.011937,0,0.008449,0.008449,0.008449,0.7065575961224491,0.8791108505577474
49,0.039986,0.014987,0,0.92959,0.84066,0.93511,0.57604,0.034521,0.011634,0,0.008416,0.008416,0.008416,0.7111286442,0.8828912632679001
50,0.04001,0.015304,0,0.91225,0.85531,0.92958,0.55864,0.036533,0.011418,0,0.008383,0.008383,0.008383,0.715412004117647,0.88286287028446
51,0.038519,0.014741,0,0.90212,0.86264,0.92661,0.56685,0.035855,0.011696,0,0.00835,0.00835,0.00835,0.7194735040384616,0.8819383902626986
52,0.03814,0.014239,0,0.92291,0.87702,0.94025,0.56172,0.034968,0.011588,0,0.008317,0.008317,0.008317,0.7236390983018868,0.8993800072225031
53,0.039346,0.014195,0,0.92329,0.85971,0.9311,0.58255,0.034572,0.011755,0,0.008284,0.008284,0.008284,0.7274809668518519,0.8903664003365115
54,0.037487,0.01512,0,0.90333,0.86813,0.93333,0.58368,0.033982,0.011471,0,0.008251,0.008251,0.008251,0.7312236765454545,0.8853802771725018
55,0.038001,0.014568,0,0.9606,0.84835,0.94108,0.59023,0.03376,0.011335,0,0.008218,0.008218,0.008218,0.7349711108928572,0.9009922994002045
56,0.038531,0.014773,0,0.91906,0.85264,0.92699,0.51774,0.038239,0.011559,0,0.008185,0.008185,0.008185,0.7383398633333333,0.8846049764632838
57,0.038096,0.014381,0,0.93801,0.85911,0.93629,0.55851,0.035394,0.011431,0,0.008152,0.008152,0.008152,0.741752796724138,0.8968280038060897
58,0.0382,0.013845,0,0.95827,0.87179,0.94629,0.60021,0.033416,0.011395,0,0.008119,0.008119,0.008119,0.7452195289830509,0.9129866816388533
59,0.03768,0.014565,0,0.93498,0.86915,0.94541,0.5987,0.032623,0.011177,0,0.008086,0.008086,0.008086,0.7485560368333334,0.9008639809769805
60,0.038093,0.014698,0,0.93471,0.86081,0.94653,0.58449,0.033817,0.011184,0,0.008053,0.008053,0.008053,0.7518015116393443,0.8962392121502405
61,0.037878,0.01442,0,0.91765,0.85897,0.92917,0.58036,0.0342,0.011447,0,0.00802,0.00802,0.00802,0.7546622937096774,0.8873409288424087
62,0.037656,0.014364,0,0.93512,0.84982,0.93541,0.58276,0.032905,0.01121,0,0.007987,0.007987,0.007987,0.7575313049206349,0.8904318110412675
63,0.036824,0.014291,0,0.92332,0.88462,0.93928,0.57235,0.033739,0.011278,0,0.007954,0.007954,0.007954,0.76037112828125,0.9035558020730776
64,0.036189,0.014326,0,0.92427,0.87729,0.9492,0.56003,0.035256,0.011124,0,0.007921,0.007921,0.007921,0.7632761878461539,0.9001674418837008
65,0.038328,0.014209,0,0.94207,0.86382,0.94497,0.58933,0.033004,0.011566,0,0.007888,0.007888,0.007888,0.7660291243939394,0.9012496967146394
66,0.036539,0.014207,0,0.96433,0.86813,0.94663,0.57311,0.035991,0.010884,0,0.007855,0.007855,0.007855,0.7687246598507462,0.9137048589328007
67,0.038025,0.014135,0,0.93838,0.86081,0.94163,0.58706,0.03384,0.011086,0,0.007822,0.007822,0.007822,0.7712673854411765,0.8979228294954952
68,0.036666,0.014273,0,0.94384,0.87546,0.94139,0.56164,0.03552,0.01115,0,0.007789,0.007789,0.007789,0.7737329305797102,0.9083649386027592
69,0.036688,0.013817,0,0.93881,0.87113,0.94606,0.58143,0.034571,0.010953,0,0.007756,0.007756,0.007756,0.7761947458571429,0.903704603799021
70,0.035064,0.013916,0,0.94027,0.89371,0.9528,0.60307,0.032441,0.01077,0,0.007723,0.007723,0.007723,0.7786821438028169,0.9163989811230222
71,0.036183,0.013737,0,0.91485,0.84249,0.93367,0.55298,0.034985,0.011302,0,0.00769,0.00769,0.00769,0.7808347529166667,0.8771802570931067
72,0.037081,0.014559,0,0.93891,0.8726,0.94863,0.57136,0.033775,0.010874,0,0.007657,0.007657,0.007657,0.7831333179452055,0.9045413671467449
73,0.035466,0.013028,0,0.95058,0.88064,0.95356,0.5856,0.034534,0.010836,0,0.007624,0.007624,0.007624,0.7854363812162162,0.9142743866930243
74,0.034876,0.013614,0,0.93165,0.89194,0.95022,0.56047,0.035263,0.010716,0,0.007591,0.007591,0.007591,0.7876334961333333,0.9113626429186386
75,0.03545,0.013961,0,0.94693,0.88237,0.95003,0.59319,0.032907,0.010505,0,0.007558,0.007558,0.007558,0.789770292236842,0.9135107681626853
76,0.036565,0.013972,0,0.96111,0.87546,0.95293,0.60616,0.032185,0.010747,0,0.007525,0.007525,0.007525,0.7918892494805194,0.9162878197945082
77,0.035762,0.013919,0,0.94072,0.87179,0.94556,0.58397,0.033602,0.01069,0,0.007492,0.007492,0.007492,0.7938593873076923,0.9049442913970128
78,0.034768,0.013533,0,0.93753,0.88278,0.95063,0.57493,0.033354,0.01066,0,0.007459,0.007459,0.007459,0.7958438254430379,0.90933163406233
79,0.036373,0.013848,0,0.95263,0.86264,0.95073,0.60742,0.030333,0.010827,0,0.007426,0.007426,0.007426,0.797779902625,0.9054044227029587
80,0.034373,0.013431,0,0.93851,0.89194,0.95499,0.59742,0.032634,0.010547,0,0.007393,0.007393,0.007393,0.7997207680246914,0.9146325869594908
81,0.034929,0.013197,0,0.92451,0.89717,0.95426,0.60278,0.032247,0.010609,0,0.00736,0.00736,0.00736,0.8016053928048781,0.9106348389398796
82,0.033278,0.013672,0,0.95275,0.88632,0.95379,0.59025,0.031879,0.010444,0,0.007327,0.007327,0.007327,0.8034389422891567,0.9183352237815853
83,0.033998,0.012909,0,0.94698,0.88317,0.94686,0.5907,0.032643,0.01064,0,0.007294,0.007294,0.007294,0.8051463358333334,0.9139626004425866
84,0.034718,0.013856,0,0.93734,0.88828,0.94132,0.5952,0.032879,0.010766,0,0.007261,0.007261,0.007261,0.8067483789411763,0.9121508037817289
85,0.035042,0.013365,0,0.96413,0.87179,0.95781,0.6093,0.031375,0.010438,0,0.007228,0.007228,0.007228,0.8085049094186046,0.9156378194038957
86,0.033793,0.013131,0,0.94204,0.89309,0.9559,0.62074,0.03102,0.010396,0,0.007195,0.007195,0.007195,0.810199105862069,0.91691215728586
87,0.034564,0.013473,0,0.92605,0.89443,0.94928,0.58521,0.034012,0.010533,0,0.007162,0.007162,0.007162,0.8117795705681818,0.9099653953902268
88,0.034557,0.013254,0,0.95265,0.88443,0.9473,0.61074,0.031536,0.010577,0,0.007129,0.007129,0.007129,0.813302272022472,0.9172733245149912
89,0.034035,0.013341,0,0.92345,0.9011,0.95457,0.61268,0.031188,0.010514,0,0.007096,0.007096,0.007096,0.8148719134444445,0.9121381107670385
90,0.034677,0.013495,0,0.92995,0.8956,0.95178,0.6103,0.03033,0.010473,0,0.007063,0.007063,0.007063,0.8163763979120879,0.9124518309550547
91,0.034482,0.013421,0,0.93343,0.8989,0.95122,0.58854,0.033392,0.010353,0,0.00703,0.00703,0.00703,0.8178420892391304,0.9158396435139959
92,0.034273,0.012885,0,0.93506,0.89662,0.95521,0.61079,0.031005,0.010442,0,0.006997,0.006997,0.006997,0.8193191635483872,0.9154366452655486
93,0.034467,0.013711,0,0.94632,0.87363,0.94994,0.5915,0.032868,0.010516,0,0.006964,0.006964,0.006964,0.8207087469148937,0.9085233567955164
94,0.033588,0.013106,0,0.96563,0.8747,0.95523,0.62167,0.030293,0.010299,0,0.006931,0.006931,0.006931,0.8221247601052633,0.9179185917743014
95,0.034212,0.013441,0,0.94785,0.89877,0.95932,0.61052,0.031122,0.010325,0,0.006898,0.006898,0.006898,0.8235538771875,0.9226577687883809
96,0.032723,0.013358,0,0.94738,0.89024,0.96051,0.62212,0.030178,0.010184,0,0.006865,0.006865,0.006865,0.8249657959793814,0.9179216281929888
97,0.033356,0.013318,0,0.94669,0.88828,0.95627,0.62408,0.030137,0.010037,0,0.006832,0.006832,0.006832,0.8263056347959183,0.9165553586162171
98,0.033543,0.012839,0,0.94986,0.89194,0.95716,0.58736,0.032348,0.010116,0,0.006799,0.006799,0.006799,0.8276273960606061,0.9199892804864805
99,0.032829,0.013281,0,0.96043,0.88903,0.95628,0.59972,0.032044,0.010299,0,0.006766,0.006766,0.006766,0.8289139221,0.923351770679009
100,0.032852,0.013385,0,0.95339,0.8956,0.9581,0.63138,0.029907,0.010079,0,0.006733,0.006733,0.006733,0.8301929921782177,0.9235918896262283
101,0.033159,0.013345,0,0.9576,0.88278,0.9525,0.61023,0.031176,0.010202,0,0.0067,0.0067,0.0067,0.831392080490196,0.9186691096404003
102,0.03266,0.013142,0,0.94035,0.90476,0.95946,0.62011,0.030161,0.010162,0,0.006667,0.006667,0.006667,0.8326354583495146,0.9222117553966972
103,0.032931,0.013069,0,0.95171,0.89377,0.95364,0.60002,0.031402,0.01016,0,0.006634,0.006634,0.006634,0.8337989635576922,0.9218304687127469
104,0.033167,0.013166,0,0.95582,0.87175,0.95913,0.6211,0.029772,0.010156,0,0.006601,0.006601,0.006601,0.8349925924761904,0.9118513490591331
105,0.033205,0.01297,0,0.93551,0.9033,0.96122,0.63168,0.029768,0.010027,0,0.006568,0.006568,0.006568,0.8361834170754716,0.9191228925228815
106,0.031595,0.01238,0,0.95828,0.88352,0.96018,0.61591,0.030521,0.010101,0,0.006535,0.006535,0.006535,0.8373422636448599,0.9193827186448039
107,0.033309,0.013373,0,0.941,0.90842,0.96095,0.62826,0.029824,0.0099751,0,0.006502,0.006502,0.006502,0.8384867797222222,0.9244230299228948
108,0.032994,0.012974,0,0.94234,0.89801,0.95777,0.6144,0.030582,0.010169,0,0.006469,0.006469,0.006469,0.8395811211926605,0.9196410937050017
109,0.032472,0.012796,0,0.9425,0.90659,0.96169,0.61664,0.030513,0.010102,0,0.006436,0.006436,0.006436,0.8406912019090909,0.9241963073728159
110,0.032063,0.012957,0,0.94756,0.90842,0.95821,0.62716,0.02977,0.01007,0,0.006403,0.006403,0.006403,0.8417499298198198,0.9275772963070723
111,0.033214,0.012926,0,0.95927,0.89744,0.9615,0.62535,0.030383,0.010111,0,0.00637,0.00637,0.00637,0.8428191268749999,0.9273255045752972
112,0.032583,0.012964,0,0.95849,0.88811,0.95582,0.61876,0.029992,0.010141,0,0.006337,0.006337,0.006337,0.8438191346017699,0.9219587933499402
113,0.032771,0.012759,0,0.94005,0.91903,0.96484,0.61227,0.030628,0.010089,0,0.006304,0.006304,0.006304,0.8448807211403508,0.929421166921273
114,0.031905,0.012393,0,0.95505,0.90659,0.9652,0.62779,0.029357,0.0099549,0,0.006271,0.006271,0.006271,0.8459269757391304,0.930189273436325
115,0.031964,0.012185,0,0.9573,0.88645,0.95212,0.61389,0.030466,0.010053,0,0.006238,0.006238,0.006238,0.8468424328448275,0.9205137193220339
116,0.032202,0.013067,0,0.93861,0.9011,0.95869,0.60382,0.031426,0.010085,0,0.006205,0.006205,0.006205,0.847798394957265,0.919472602747172
117,0.032143,0.012874,0,0.95134,0.89523,0.96176,0.62993,0.029804,0.010014,0,0.006172,0.006172,0.006172,0.8487641712711864,0.9224325188863677
118,0.03188,0.012818,0,0.95832,0.88278,0.95999,0.60976,0.03065,0.010038,0,0.006139,0.006139,0.006139,0.8496988421008403,0.9190003037314649
119,0.032042,0.012948,0,0.96259,0.89194,0.95712,0.62168,0.029684,0.010001,0,0.006106,0.006106,0.006106,0.8505940184166666,0.9259192621311059
120,0.031693,0.012924,0,0.93981,0.91505,0.96501,0.62567,0.029717,0.010003,0,0.006073,0.006073,0.006073,0.8515396050413223,0.927264742891647
121,0.032459,0.013136,0,0.95372,0.89744,0.96282,0.63111,0.029055,0.0099956,0,0.00604,0.00604,0.00604,0.8524517394262294,0.9247244720067417
122,0.032498,0.012437,0,0.95671,0.8904,0.96601,0.62307,0.029626,0.0097864,0,0.006007,0.006007,0.006007,0.8533749773170732,0.9223647579191278
123,0.031616,0.012471,0,0.95701,0.89707,0.96362,0.6303,0.029674,0.0098796,0,0.005974,0.005974,0.005974,0.8542640500806451,0.9260711087978943
124,0.03068,0.012711,0,0.94471,0.90754,0.96157,0.61304,0.030599,0.010008,0,0.005941,0.005941,0.005941,0.85512249768,0.9257520457821568
125,0.031,0.012913,0,0.96028,0.89377,0.96337,0.62113,0.029795,0.009762,0,0.005908,0.005908,0.005908,0.8559816048412698,0.9258320494053559
126,0.030894,0.012211,0,0.97174,0.88154,0.96548,0.63137,0.028876,0.0098186,0,0.005875,0.005875,0.005875,0.8568437969291339,0.9244449620132954
127,0.031397,0.012257,0,0.9525,0.8956,0.95786,0.63013,0.029116,0.0099994,0,0.005842,0.005842,0.005842,0.857632986015625,0.9231740706671717
128,0.030636,0.012033,0,0.95859,0.89042,0.9644,0.6069,0.031172,0.0099289,0,0.005809,0.005809,0.005809,0.8584606372868216,0.9232483413286029
129,0.031566,0.012557,0,0.95862,0.89194,0.96168,0.60526,0.030779,0.0099308,0,0.005776,0.005776,0.005776,0.8592546323846154,0.9240786819125021
130,0.031267,0.012865,0,0.94159,0.90293,0.95633,0.61549,0.030589,0.0099212,0,0.005743,0.005743,0.005743,0.8599956657251909,0.9218548551384642
131,0.031165,0.012634,0,0.96517,0.90293,0.96592,0.64578,0.028849,0.0097669,0,0.00571,0.00571,0.00571,0.8607981228030304,0.9330131664257801
132,0.031139,0.012255,0,0.95531,0.90659,0.96605,0.64601,0.028709,0.0096852,0,0.005677,0.005677,0.005677,0.8615894903007518,0.9303125762930341
133,0.030717,0.012029,0,0.9569,0.89744,0.96827,0.63384,0.029031,0.0097013,0,0.005644,0.005644,0.005644,0.8623856135074627,0.9262166981244
134,0.030352,0.012423,0,0.94165,0.91622,0.96603,0.6281,0.029211,0.0096827,0,0.005611,0.005611,0.005611,0.8631533497037037,0.9287609606700145
135,0.029863,0.012049,0,0.9378,0.91941,0.96983,0.62719,0.029638,0.0096898,0,0.005578,0.005578,0.005578,0.8639377368382353,0.9285139515725201
136,0.030937,0.012239,0,0.93223,0.90699,0.96182,0.63284,0.029289,0.0097487,0,0.005545,0.005545,0.005545,0.8646522059124088,0.9194368131055556
137,0.030956,0.012181,0,0.95088,0.8956,0.96242,0.62718,0.029434,0.0097745,0,0.005512,0.005512,0.005512,0.8653606681884058,0.9224125124561326
138,0.030659,0.012854,0,0.9274,0.92308,0.9697,0.64659,0.028202,0.0097351,0,0.005479,0.005479,0.005479,0.8661113108633093,0.9252349574164541
139,0.030005,0.012207,0,0.95461,0.9011,0.96527,0.63812,0.02903,0.0097643,0,0.005446,0.005446,0.005446,0.8668195872142856,0.9270835108934046
140,0.030533,0.011971,0,0.95639,0.90476,0.96338,0.6537,0.028511,0.0095048,0,0.005413,0.005413,0.005413,0.8675044128368794,0.9298588683340946
141,0.030118,0.012156,0,0.95169,0.90195,0.95729,0.63129,0.029572,0.0097955,0,0.00538,0.00538,0.00538,0.8681367057042253,0.9261526461448826
142,0.030452,0.012418,0,0.93835,0.91985,0.96164,0.62751,0.029466,0.0097286,0,0.005347,0.005347,0.005347,0.8687905748951049,0.9290079081907221
143,0.029772,0.011903,0,0.9467,0.91026,0.96415,0.63293,0.029115,0.0096696,0,0.005314,0.005314,0.005314,0.869452793125,0.9281224603653282
144,0.030751,0.011992,0,0.93892,0.91392,0.96517,0.63112,0.029129,0.009825,0,0.005281,0.005281,0.005281,0.8701129117931035,0.9262513399969775
145,0.030415,0.012519,0,0.94878,0.91026,0.96423,0.63352,0.029334,0.0096061,0,0.005248,0.005248,0.005248,0.8707575493835616,0.9291209256390396
146,0.030733,0.012037,0,0.94231,0.90659,0.96071,0.60437,0.031067,0.0098278,0,0.005215,0.005215,0.005215,0.8713694708163267,0.9241049520255287
147,0.029343,0.012323,0,0.92382,0.91758,0.95995,0.61262,0.030617,0.0098188,0,0.005182,0.005182,0.005182,0.8719679879054054,0.9206894271749756
148,0.029908,0.012642,0,0.96709,0.8956,0.96675,0.6356,0.029648,0.0097225,0,0.005149,0.005149,0.005149,0.8726041087919463,0.9299731077098174
149,0.030806,0.012469,0,0.95706,0.90476,0.9668,0.64833,0.028109,0.0094523,0,0.005116,0.005116,0.005116,0.8732320814,0.9301754257661858
150,0.029718,0.011885,0,0.95747,0.90704,0.96302,0.64685,0.028343,0.0096026,0,0.005083,0.005083,0.005083,0.8738267033774835,0.9315730018074453
151,0.030214,0.012039,0,0.96277,0.89377,0.96198,0.64589,0.02858,0.0096965,0,0.00505,0.00505,0.00505,0.8744066592763159,0.9269877760780807
152,0.029218,0.012302,0,0.92621,0.91962,0.96141,0.64718,0.027959,0.0095994,0,0.005017,0.005017,0.005017,0.8749753085620916,0.922903236159343
153,0.029301,0.012002,0,0.95428,0.89927,0.96395,0.62924,0.028848,0.0096795,0,0.004984,0.004984,0.004984,0.8755530662987012,0.9259587015187073
154,0.029602,0.01161,0,0.94854,0.91156,0.96299,0.64356,0.028357,0.0095029,0,0.004951,0.004951,0.004951,0.876117175548387,0.9296824067523252
155,0.029823,0.011861,0,0.94711,0.91836,0.96707,0.63173,0.028923,0.0095774,0,0.004918,0.004918,0.004918,0.876700206474359,0.9325134573056656
156,0.02891,0.011736,0,0.94685,0.9136,0.96423,0.65465,0.02786,0.0094279,0,0.004885,0.004885,0.004885,0.8772577210828026,0.929927877664006
157,0.030028,0.012391,0,0.93882,0.91209,0.96699,0.62936,0.0293,0.0095831,0,0.004852,0.004852,0.004852,0.8778256468987341,0.925261988751479
158,0.028734,0.011936,0,0.9469,0.91443,0.96623,0.63302,0.028289,0.0095425,0,0.004819,0.004819,0.004819,0.8783816491194968,0.9303817882911681
159,0.028715,0.011901,0,0.95398,0.91127,0.96653,0.6296,0.029199,0.0094726,0,0.004786,0.004786,0.004786,0.8789325763125,0.932136018871465
160,0.029305,0.012132,0,0.92025,0.93223,0.96291,0.62682,0.029345,0.0096666,0,0.004753,0.004753,0.004753,0.8794541752173914,0.9262012626317153
161,0.029482,0.011738,0,0.93406,0.90799,0.95968,0.60819,0.031131,0.0096923,0,0.00472,0.00472,0.00472,0.8799493963580247,0.920840519421297
162,0.029217,0.01174,0,0.93493,0.91392,0.9595,0.63134,0.028913,0.0095897,0,0.004687,0.004687,0.004687,0.8804374368711656,0.924305623062985
163,0.029484,0.012071,0,0.94154,0.91438,0.96672,0.61611,0.030279,0.0096511,0,0.004654,0.004654,0.004654,0.8809635500609756,0.9277612668649511
164,0.028779,0.011884,0,0.96249,0.90842,0.96697,0.64973,0.027754,0.0093764,0,0.004621,0.004621,0.004621,0.8814848012727273,0.9346736783704187
165,0.027745,0.011471,0,0.95356,0.91941,0.9656,0.6482,0.028119,0.0093433,0,0.004588,0.004588,0.004588,0.8819915193373494,0.936173670267009
166,0.028985,0.011858,0,0.96125,0.90842,0.96826,0.64344,0.0279,0.0094468,0,0.004555,0.004555,0.004555,0.8825080970658682,0.9340886092198089
167,0.028195,0.01195,0,0.96421,0.90659,0.96803,0.62509,0.029573,0.0096509,0,0.004522,0.004522,0.004522,0.8830171560119047,0.9345126618558905
168,0.028328,0.011436,0,0.96913,0.92007,0.96757,0.6589,0.027272,0.0093773,0,0.004489,0.004489,0.004489,0.8835174686982249,0.943962988672454
169,0.029231,0.011455,0,0.95761,0.91022,0.96152,0.63578,0.028555,0.0094553,0,0.004456,0.004456,0.004456,0.883976307117647,0.9333138178528024
170,0.02967,0.011948,0,0.95528,0.89974,0.95948,0.64737,0.027945,0.0095804,0,0.004423,0.004423,0.004423,0.8844178491812866,0.9266785557029034
171,0.029053,0.012224,0,0.94248,0.90033,0.95944,0.644,0.028048,0.0095668,0,0.00439,0.00439,0.00439,0.8848540244767442,0.9209229583082357
172,0.029542,0.011426,0,0.94902,0.92056,0.96512,0.64479,0.027809,0.0094477,0,0.004357,0.004357,0.004357,0.8853179896531791,0.9345733814011703
173,0.02841,0.011309,0,0.9389,0.90842,0.9615,0.61471,0.030602,0.0095879,0,0.004324,0.004324,0.004324,0.8857558172988506,0.9234085464348354
174,0.02884,0.012037,0,0.96307,0.90759,0.96579,0.65764,0.027342,0.0094364,0,0.004291,0.004291,0.004291,0.8862131554857142,0.9345072875883379
175,0.029105,0.011933,0,0.95516,0.8974,0.96083,0.62752,0.029428,0.0095724,0,0.004258,0.004258,0.004258,0.8866371148295454,0.9253795655741244
176,0.028832,0.011466,0,0.97825,0.90605,0.96788,0.64387,0.02856,0.0094229,0,0.004225,0.004225,0.004225,0.8870961141807909,0.9407667701533725
177,0.027927,0.011549,0,0.95597,0.90293,0.96481,0.65074,0.02789,0.0094614,0,0.004192,0.004192,0.004192,0.8875327090449437,0.928693304750121
178,0.027812,0.01127,0,0.94896,0.91758,0.96464,0.63944,0.029195,0.0095394,0,0.004159,0.004159,0.004159,0.8879634760335194,0.9330062219936351
179,0.028178,0.011396,0,0.9573,0.90476,0.9639,0.6382,0.02898,0.0093819,0,0.004126,0.004126,0.004126,0.8883853456111112,0.9302887640570121
180,0.028691,0.011364,0,0.96485,0.91758,0.9641,0.65301,0.027583,0.0093853,0,0.004093,0.004093,0.004093,0.8888036586187844,0.9406214977449361
181,0.028598,0.011511,0,0.95072,0.91863,0.96236,0.65306,0.02773,0.0093903,0,0.00406,0.00406,0.00406,0.8892078143406593,0.9343995651964587
182,0.027739,0.011284,0,0.94399,0.91941,0.96194,0.63937,0.028538,0.0093853,0,0.004027,0.004027,0.004027,0.889605257978142,0.9315378833315445
183,0.027946,0.011532,0,0.94902,0.92053,0.96458,0.654,0.027386,0.0092803,0,0.003994,0.003994,0.003994,0.8900127294021738,0.9345579209970314
184,0.029212,0.011684,0,0.96889,0.91257,0.96742,0.6553,0.027589,0.0092037,0,0.003961,0.003961,0.003961,0.8904311470810811,0.9398870529269823
185,0.027355,0.011353,0,0.96314,0.90939,0.96503,0.65244,0.027379,0.0092414,0,0.003928,0.003928,0.003928,0.8908322161827957,0.9354935670990585
186,0.027227,0.011511,0,0.95481,0.92491,0.96728,0.66266,0.027027,0.0092213,0,0.003895,0.003895,0.003895,0.8912410278609625,0.9396221959653566
187,0.028871,0.011752,0,0.96082,0.91941,0.96588,0.63638,0.029101,0.009346,0,0.003862,0.003862,0.003862,0.8916380436702127,0.939658995122937
188,0.028185,0.011494,0,0.95423,0.91649,0.96896,0.65413,0.027813,0.009293,0,0.003829,0.003829,0.003829,0.8920471545502645,0.934979315664557
189,0.028233,0.011763,0,0.95434,0.91876,0.96821,0.64869,0.028058,0.0093566,0,0.003796,0.003796,0.003796,0.8924480116315789,0.9362120745288559
190,0.027526,0.011368,0,0.95895,0.91575,0.96378,0.65875,0.02695,0.0092821,0,0.003763,0.003763,0.003763,0.8928214775392671,0.9368522563610178
191,0.028402,0.011937,0,0.95785,0.91758,0.96704,0.65215,0.027388,0.0092925,0,0.00373,0.00373,0.00373,0.89320803234375,0.9372826530449017
192,0.02834,0.011369,0,0.95795,0.91799,0.96908,0.65238,0.027518,0.009298,0,0.003697,0.003697,0.003697,0.8936011513471502,0.9375443996076633
193,0.028166,0.011584,0,0.962,0.91026,0.96748,0.63815,0.028068,0.0093499,0,0.003664,0.003664,0.003664,0.8939819701546392,0.9354150812387169
194,0.028035,0.011674,0,0.95428,0.91575,0.9639,0.65882,0.027269,0.0092656,0,0.003631,0.003631,0.003631,0.8943405241538461,0.9346180649508297
195,0.027543,0.011288,0,0.96538,0.91936,0.96662,0.65906,0.02703,0.0091137,0,0.003598,0.003598,0.003598,0.894709296989796,0.9418081611256726
196,0.027156,0.011548,0,0.96412,0.91209,0.96384,0.6669,0.027062,0.0090897,0,0.003565,0.003565,0.003565,0.8950602142639594,0.9373835666583165
197,0.028393,0.011483,0,0.9616,0.91026,0.962,0.63719,0.02828,0.0093608,0,0.003532,0.003532,0.003532,0.8953982939898989,0.9352259421110554
198,0.027815,0.01174,0,0.95711,0.91209,0.967,0.62479,0.029245,0.0093623,0,0.003499,0.003499,0.003499,0.895758101557789,0.934057842820458
199,0.027389,0.011643,0,0.96323,0.91166,0.96929,0.66618,0.026929,0.0090985,0,0.003466,0.003466,0.003466,0.89612576105,0.9367357677517081
200,0.027392,0.011421,0,0.96155,0.916,0.96657,0.65101,0.027454,0.0091995,0,0.003433,0.003433,0.003433,0.8964762299004975,0.938222470773082
201,0.028115,0.011501,0,0.95966,0.91492,0.96878,0.64961,0.027627,0.0092449,0,0.0034,0.0034,0.0034,0.8968341693564357,0.9367561023802664
202,0.027863,0.01162,0,0.95997,0.91209,0.97013,0.66141,0.027016,0.0091519,0,0.003367,0.003367,0.003367,0.8971952325615763,0.9354177080862793
203,0.028169,0.011494,0,0.94395,0.92538,0.96668,0.62592,0.029134,0.0094657,0,0.003334,0.003334,0.003334,0.8975358441666668,0.9345727624335992
204,0.027363,0.01116,0,0.9445,0.93506,0.97006,0.64596,0.027921,0.0091805,0,0.003301,0.003301,0.003301,0.8978896205365854,0.9397562940262615
205,0.027049,0.011461,0,0.95404,0.92491,0.9679,0.64655,0.028053,0.0091875,0,0.003268,0.003268,0.003268,0.8982294767475728,0.9392491938582719
206,0.026999,0.012213,0,0.9308,0.93613,0.96957,0.64068,0.028298,0.0092747,0,0.003235,0.003235,0.003235,0.8985741169565217,0.9334573915465496
207,0.026335,0.011043,0,0.95921,0.92491,0.97073,0.6432,0.028095,0.0092232,0,0.003202,0.003202,0.003202,0.8989210202403846,0.941747787932828
208,0.026816,0.011453,0,0.96641,0.91941,0.97145,0.6537,0.027277,0.0091495,0,0.003169,0.003169,0.003169,0.8992680488516747,0.9423243131369908
209,0.027828,0.011279,0,0.96496,0.90798,0.96826,0.63915,0.028315,0.0092866,0,0.003136,0.003136,0.003136,0.8995965819523809,0.9356032556301858
210,0.027185,0.011458,0,0.95129,0.91941,0.9715,0.66214,0.026721,0.0091616,0,0.003103,0.003103,0.003103,0.8999373564454977,0.9350783545196986
211,0.027776,0.011347,0,0.95306,0.92674,0.97202,0.66217,0.026745,0.0091843,0,0.00307,0.00307,0.00307,0.9002773689150944,0.9397157403979147
212,0.027384,0.011413,0,0.94567,0.92452,0.96567,0.64477,0.027782,0.0092181,0,0.003037,0.003037,0.003037,0.90058437657277,0.9349754072046156
213,0.026522,0.01137,0,0.95104,0.92308,0.97014,0.66243,0.027023,0.0091648,0,0.003004,0.003004,0.003004,0.9009094028504673,0.9368514323522507
214,0.026889,0.011628,0,0.95625,0.92077,0.96943,0.66498,0.026975,0.0091762,0,0.002971,0.002971,0.002971,0.9012281033023256,0.9381746731521241
215,0.028165,0.011291,0,0.95771,0.91242,0.96435,0.64999,0.027908,0.0091898,0,0.002938,0.002938,0.002938,0.9015203343055556,0.9345165931780143
216,0.026935,0.011337,0,0.94932,0.91209,0.96733,0.6599,0.027061,0.0091865,0,0.002905,0.002905,0.002905,0.9018236046543779,0.9303326819991297
217,0.025906,0.010817,0,0.94904,0.92308,0.96436,0.6532,0.027643,0.0092304,0,0.002872,0.002872,0.002872,0.9021104688532111,0.935880011110399
218,0.027601,0.011356,0,0.93914,0.9304,0.96669,0.65104,0.027411,0.0091626,0,0.002839,0.002839,0.002839,0.9024053525570777,0.9347495704825786
219,0.027268,0.011395,0,0.96387,0.90842,0.96776,0.66758,0.026683,0.0089939,0,0.002806,0.002806,0.002806,0.9027024191363637,0.9353238925593792
220,0.027626,0.011664,0,0.96141,0.91261,0.97061,0.66509,0.026713,0.0090571,0,0.002773,0.002773,0.002773,0.9030096932579186,0.9363746172399441
221,0.027182,0.011701,0,0.95334,0.91392,0.9699,0.64478,0.027855,0.0091799,0,0.00274,0.00274,0.00274,0.903311000945946,0.9332138992962951
222,0.026971,0.011078,0,0.96347,0.91392,0.97074,0.6734,0.026395,0.0090224,0,0.002707,0.002707,0.002707,0.9036133731390135,0.9380411128215234
223,0.026724,0.011219,0,0.9562,0.91957,0.97138,0.65997,0.02685,0.0091147,0,0.002674,0.002674,0.002674,0.9039159027232142,0.9375273450369714
224,0.027028,0.011247,0,0.9493,0.92588,0.97108,0.65769,0.027279,0.0091625,0,0.002641,0.002641,0.002641,0.9042144098222221,0.9374437483334933
225,0.026696,0.010855,0,0.94963,0.92491,0.96862,0.65486,0.027311,0.0092105,0,0.002608,0.002608,0.002608,0.9044993903097346,0.9371070057720826
226,0.027165,0.0115,0,0.9506,0.91941,0.96941,0.66462,0.026858,0.0090753,0,0.002575,0.002575,0.002575,0.9047853401321585,0.9347448901342773
227,0.026106,0.011415,0,0.95125,0.92913,0.96881,0.6665,0.026509,0.0090803,0,0.002542,0.002542,0.002542,0.9050661500438597,0.940059894808496
228,0.026659,0.011164,0,0.96056,0.91758,0.96769,0.65551,0.027178,0.0091301,0,0.002509,0.002509,0.002509,0.9053396166375546,0.9385782154684954
229,0.026881,0.011122,0,0.9592,0.91758,0.96723,0.65575,0.027033,0.0091926,0,0.002476,0.002476,0.002476,0.9056087052608696,0.9379285115996547
230,0.025725,0.011203,0,0.94742,0.92412,0.96735,0.66949,0.026451,0.0091045,0,0.002443,0.002443,0.002443,0.9058759835930735,0.9356249616893041
231,0.026632,0.011385,0,0.94602,0.93407,0.97367,0.66727,0.026615,0.0090767,0,0.00241,0.00241,0.00241,0.9061681991810344,0.9400070224297773
232,0.027043,0.011262,0,0.94772,0.92965,0.97237,0.66867,0.026412,0.0090616,0,0.002377,0.002377,0.002377,0.9064523270815451,0.9385980366150518
233,0.026442,0.011016,0,0.94816,0.92491,0.96752,0.66018,0.027264,0.009165,0,0.002344,0.002344,0.002344,0.9067133000427351,0.9363907014687118
234,0.026405,0.01121,0,0.94745,0.92308,0.96882,0.63635,0.028371,0.0092576,0,0.002311,0.002311,0.002311,0.9069775838723404,0.9351062490310232
235,0.025696,0.010823,0,0.94313,0.92857,0.97021,0.65032,0.027557,0.0091604,0,0.002278,0.002278,0.002278,0.9072455178389831,0.9357933687022493
236,0.025443,0.010987,0,0.95087,0.92156,0.96664,0.65872,0.027097,0.0091248,0,0.002245,0.002245,0.002245,0.9074961274683544,0.9359855986071576
237,0.026556,0.011152,0,0.95808,0.92096,0.96924,0.65431,0.027452,0.0091372,0,0.002212,0.002212,0.002212,0.9077555555042017,0.9391533514986377
238,0.026761,0.011609,0,0.95276,0.92353,0.97049,0.65617,0.027247,0.0091761,0,0.002179,0.002179,0.002179,0.9080180427196652,0.9379173185381791
239,0.026388,0.011437,0,0.95283,0.92481,0.97118,0.66226,0.026635,0.0090706,0,0.002146,0.002146,0.002146,0.9082812175416667,0.9386109289320637
240,0.025539,0.010844,0,0.95293,0.92695,0.97318,0.66401,0.026724,0.0090709,0,0.002113,0.002113,0.002113,0.9085505070954357,0.9397604777964552
241,0.026284,0.010965,0,0.95267,0.9217,0.9711,0.66976,0.026353,0.0090026,0,0.00208,0.00208,0.00208,0.9088089760743802,0.9369291431254235
242,0.026264,0.010601,0,0.94634,0.93407,0.97256,0.67034,0.026201,0.0089875,0,0.002047,0.002047,0.002047,0.9090713259670782,0.940164968065475
243,0.02591,0.010645,0,0.93797,0.92857,0.97177,0.66248,0.027022,0.0091375,0,0.002014,0.002014,0.002014,0.9093282877459017,0.9332463305367149
244,0.026878,0.010636,0,0.95616,0.93407,0.96966,0.66337,0.026836,0.009084,0,0.001981,0.001981,0.001981,0.9095745396326531,0.9449859236177609
245,0.025972,0.010886,0,0.95359,0.92857,0.96917,0.66675,0.026724,0.0090287,0,0.001948,0.001948,0.001948,0.909816797601626,0.9409137015981639
246,0.026009,0.010818,0,0.96739,0.91209,0.96855,0.65693,0.027254,0.0090717,0,0.001915,0.001915,0.001915,0.9100545838461538,0.9389264531678974
247,0.025807,0.010913,0,0.9601,0.9255,0.97149,0.6654,0.026723,0.0090213,0,0.001882,0.001882,0.001882,0.9103023072983871,0.9424825519728468
248,0.026426,0.011187,0,0.96046,0.9304,0.97103,0.66269,0.026804,0.0089998,0,0.001849,0.001849,0.001849,0.9105461936144578,0.9451910601525232
249,0.025636,0.010654,0,0.96001,0.91941,0.96866,0.66537,0.026594,0.0090486,0,0.001816,0.001816,0.001816,0.9107786488399999,0.9392714710921454
250,0.02631,0.011032,0,0.9574,0.92125,0.96793,0.66726,0.026464,0.009007,0,0.001783,0.001783,0.001783,0.9110063434661355,0.9389771910680542
251,0.024919,0.010505,0,0.94434,0.92857,0.96786,0.66642,0.026384,0.0090162,0,0.00175,0.00175,0.00175,0.9112319532142856,0.9363886078882594
252,0.02588,0.010964,0,0.95112,0.92655,0.96871,0.66414,0.026655,0.0090462,0,0.001717,0.001717,0.001717,0.9114591391699605,0.9386742462733068
253,0.025837,0.011102,0,0.9581,0.92137,0.96896,0.65717,0.027181,0.0091076,0,0.001684,0.001684,0.001684,0.9116855205118111,0.9393760975168531
254,0.026298,0.011124,0,0.94774,0.92999,0.96897,0.66127,0.026781,0.0090623,0,0.001651,0.001651,0.001651,0.9119101655294117,0.9387811054837489
255,0.026378,0.011122,0,0.93957,0.93978,0.97036,0.65682,0.027045,0.0090302,0,0.001618,0.001618,0.001618,0.9121384851953125,0.93967498826722
256,0.025228,0.01083,0,0.95745,0.92857,0.97153,0.65504,0.027297,0.0090683,0,0.001585,0.001585,0.001585,0.9123695805836576,0.9427888850595434
257,0.025501,0.011085,0,0.95056,0.93223,0.97346,0.65435,0.02742,0.0090418,0,0.001552,0.001552,0.001552,0.9126063651550387,0.9413057736656769
258,0.026519,0.01063,0,0.95831,0.92674,0.97291,0.66292,0.026618,0.0089642,0,0.001519,0.001519,0.001519,0.9128391977220077,0.9422606396647303
259,0.025508,0.011127,0,0.95391,0.92308,0.9685,0.65982,0.026935,0.0090531,0,0.001486,0.001486,0.001486,0.9130532777307693,0.938241805017608
260,0.025569,0.010729,0,0.9635,0.91864,0.96943,0.66345,0.026843,0.0089852,0,0.001453,0.001453,0.001453,0.9132692804980843,0.9405353905660577
261,0.025592,0.010909,0,0.95339,0.93658,0.97243,0.67519,0.026005,0.0088391,0,0.00142,0.00142,0.00142,0.9134950847709924,0.9449102432313741
262,0.026227,0.011513,0,0.95126,0.92491,0.96971,0.67289,0.026127,0.0089076,0,0.001387,0.001387,0.001387,0.9137088296958175,0.9378999627965483
263,0.025153,0.010366,0,0.95637,0.92328,0.97035,0.66034,0.026965,0.0090187,0,0.001354,0.001354,0.001354,0.9139233795833334,0.9395337361742877
264,0.024904,0.01069,0,0.94129,0.9396,0.97033,0.6591,0.027073,0.0089586,0,0.001321,0.001321,0.001321,0.914136234754717,0.9404442407583644
265,0.025152,0.010579,0,0.94697,0.93956,0.97083,0.6672,0.026807,0.0089407,0,0.001288,0.001288,0.001288,0.9143493692105263,0.9432504473292235
266,0.024972,0.010837,0,0.94111,0.9366,0.97237,0.67277,0.026339,0.0089038,0,0.001255,0.001255,0.001255,0.9145666749438202,0.9388495838015456
267,0.025649,0.010494,0,0.94097,0.93427,0.97215,0.66332,0.026805,0.008929,0,0.001222,0.001222,0.001222,0.9147815380970149,0.9376080308653826
268,0.025734,0.010809,0,0.94772,0.92969,0.96932,0.65892,0.026819,0.0089597,0,0.001189,0.001189,0.001189,0.9149842833085502,0.9386184230402523
269,0.024939,0.011068,0,0.9519,0.93223,0.97198,0.65753,0.026974,0.0089872,0,0.001156,0.001156,0.001156,0.9151953785555555,0.9419623242557574
270,0.025408,0.011259,0,0.95644,0.92857,0.97276,0.67052,0.02627,0.0089001,0,0.001123,0.001123,0.001123,0.9154077941328413,0.9422989700850393
271,0.025413,0.011056,0,0.96444,0.92308,0.97433,0.67419,0.025853,0.0088654,0,0.00109,0.00109,0.00109,0.9156244198897059,0.9433068525896415
272,0.025291,0.010764,0,0.94603,0.94139,0.97399,0.67436,0.025976,0.0088353,0,0.001057,0.001057,0.001057,0.9158382132234432,0.9437042965529664
273,0.024898,0.010815,0,0.94876,0.93407,0.96661,0.66561,0.026565,0.0089276,0,0.001024,0.001024,0.001024,0.9160235117153285,0.9413576936845068
274,0.025075,0.010502,0,0.95157,0.9356,0.97027,0.67011,0.026487,0.008953,0,0.000991,0.000991,0.000991,0.9162207716727273,0.9435174276827207
275,0.025545,0.01099,0,0.95496,0.932,0.96875,0.66549,0.026653,0.0089725,0,0.000958,0.000958,0.000958,0.9164110949637682,0.9433403145800653
276,0.024819,0.010582,0,0.95012,0.93223,0.96809,0.66258,0.026827,0.0090204,0,0.000925,0.000925,0.000925,0.9165976614079422,0.9410899860281032
277,0.024457,0.010498,0,0.95419,0.93407,0.96905,0.66092,0.026703,0.0090097,0,0.000892,0.000892,0.000892,0.916786338884892,0.9440228075582812
278,0.025578,0.010814,0,0.95158,0.9304,0.9683,0.66227,0.026552,0.0090163,0,0.000859,0.000859,0.000859,0.9169709756630824,0.9408708190310204
279,0.024969,0.010974,0,0.95689,0.92857,0.96933,0.66657,0.026619,0.0090179,0,0.000826,0.000826,0.000826,0.9171579721785714,0.9425173138650514
280,0.025225,0.010917,0,0.95327,0.93397,0.96984,0.66174,0.026902,0.0090124,0,0.000793,0.000793,0.000793,0.9173454527046263,0.943521313558424
281,0.025662,0.01082,0,0.95154,0.92308,0.96747,0.66807,0.026452,0.0089632,0,0.00076,0.00076,0.00076,0.917523199326241,0.9370939637899948
282,0.024491,0.010777,0,0.9476,0.92737,0.967,0.6731,0.026235,0.0089393,0,0.000727,0.000727,0.000727,0.9176980290106008,0.9373758641471597
283,0.023968,0.01019,0,0.94774,0.93007,0.96634,0.66865,0.026466,0.0089567,0,0.000694,0.000694,0.000694,0.9178693035563381,0.9388218635538207
284,0.024327,0.010519,0,0.94773,0.92975,0.96896,0.66972,0.026159,0.008923,0,0.000661,0.000661,0.000661,0.9180485691578948,0.9386539057673051
285,0.024229,0.010704,0,0.94798,0.93457,0.9697,0.66929,0.02622,0.0089273,0,0.000628,0.000628,0.000628,0.9182291685664336,0.941227238161005
286,0.025016,0.01076,0,0.95808,0.92087,0.96974,0.66662,0.02655,0.0089682,0,0.000595,0.000595,0.000595,0.918408648815331,0.9391065537667314
287,0.024658,0.010415,0,0.94114,0.93718,0.97104,0.67056,0.026316,0.0089446,0,0.000562,0.000562,0.000562,0.9185913965625,0.9391558256314153
288,0.024897,0.010426,0,0.9454,0.93407,0.97027,0.66888,0.026335,0.0089293,0,0.000529,0.000529,0.000529,0.9187702152595155,0.9397008497076303
289,0.025549,0.011031,0,0.95141,0.92857,0.97069,0.66861,0.02644,0.0089061,0,0.000496,0.000496,0.000496,0.9189492490000001,0.939851257672954
290,0.024853,0.010406,0,0.95139,0.93206,0.97032,0.67578,0.026049,0.0088781,0,0.000463,0.000463,0.000463,0.919125780790378,0.9416258073216703
291,0.023661,0.010577,0,0.95175,0.92857,0.97056,0.67443,0.026147,0.0089121,0,0.00043,0.00043,0.00043,0.9193019253767124,0.9400171220856025
292,0.025023,0.010583,0,0.95335,0.93407,0.97264,0.67191,0.026412,0.0089265,0,0.000397,0.000397,0.000397,0.9194839665870307,0.9436115273759947
293,0.024697,0.010563,0,0.95359,0.93407,0.97295,0.67497,0.026225,0.0088985,0,0.000364,0.000364,0.000364,0.9196658238435375,0.9437290733500737
294,0.024703,0.010834,0,0.94868,0.93773,0.97124,0.67286,0.026253,0.008899,0,0.000331,0.000331,0.000331,0.9198406515593222,0.9431732193955715
295,0.024949,0.011001,0,0.94817,0.93407,0.97119,0.67342,0.026296,0.0089163,0,0.000298,0.000298,0.000298,0.9200141290878379,0.9410671879250255
296,0.025353,0.01116,0,0.94614,0.9331,0.97152,0.66928,0.026377,0.0089297,0,0.000265,0.000265,0.000265,0.9201875495286196,0.9395747578808454
297,0.024691,0.010645,0,0.96102,0.91941,0.97141,0.66728,0.026218,0.0089113,0,0.000232,0.000232,0.000232,0.9203594369463087,0.9397546286753561
298,0.024287,0.010553,0,0.9616,0.91736,0.96904,0.66907,0.026186,0.0089102,0,0.000199,0.000199,0.000199,0.92052224819398,0.9389591859326436
299,0.024543,0.010178,0,0.94894,0.93223,0.9704,0.6716,0.026091,0.0089034,0,0.000166,0.000166,0.000166,0.9206885073666666,0.9405107844586081
